{
    "loss": 6.23101282119751,
    "accuracy": 0.5179855823516846
}